"name","url"
"Aalen, Odd Olai","https://en.wikipedia.org/wiki/Odd_Aalen"
"Abbott, Edith","https://en.wikipedia.org/wiki/Edith_Abbott"
"Abelson, Robert P.","https://en.wikipedia.org/wiki/Robert_P._Abelson"
"Abramovitz, Moses","https://en.wikipedia.org/wiki/Moses_Abramovitz"
"Achenwall, Gottfried","https://en.wikipedia.org/wiki/Gottfried_Achenwall"
"Adelstein, Abraham Manie","https://en.wikipedia.org/wiki/Abraham_Manie_Adelstein"
"Ahsan, Riaz","https://en.wikipedia.org/wiki/Riaz_Ahsan"
"Aitchison, John","https://en.wikipedia.org/wiki/John_Aitchison"
"Aitken, Alexander","https://en.wikipedia.org/wiki/Alexander_Aitken"
"Akaike, Hirotsugu","https://en.wikipedia.org/wiki/Hirotsugu_Akaike"
"Ali, Mir Masoom","https://en.wikipedia.org/wiki/Mir_Masoom_Ali"
"Allen, R. G. D.","https://en.wikipedia.org/wiki/R._G._D._Allen"
"Allison, David B.","https://en.wikipedia.org/wiki/David_B._Allison"
"Altman, Doug","https://en.wikipedia.org/wiki/Doug_Altman"
"Amemiya, Takeshi","https://en.wikipedia.org/wiki/Takeshi_Amemiya"
"Anderson, Oskar","https://en.wikipedia.org/wiki/Oskar_Anderson"
"Anderson, Theodore Wilbur","https://en.wikipedia.org/wiki/Theodore_Wilbur_Anderson"
"Anscombe, Francis","https://en.wikipedia.org/wiki/Francis_Anscombe"
"Anselin, Luc","https://en.wikipedia.org/wiki/Luc_Anselin"
"Armitage, Peter","https://en.wikipedia.org/wiki/Peter_Armitage"
"Arrow, Kenneth","https://en.wikipedia.org/wiki/Kenneth_Arrow"
"Ashley-Cooper, Anthony","https://en.wikipedia.org/wiki/Anthony_Ashley-Cooper,_7th_Earl_of_Shaftesbury"
"Austin, Oscar Phelps","https://en.wikipedia.org/wiki/Oscar_Phelps_Austin"
"Ayres, Leonard Porter","https://en.wikipedia.org/wiki/Leonard_Porter_Ayres"
"Bahadur, Raghu Raj","https://en.wikipedia.org/wiki/Raghu_Raj_Bahadur"
"Balding, David","https://en.wikipedia.org/wiki/David_Balding"
"Barnard, George Alfred","https://en.wikipedia.org/wiki/George_Alfred_Barnard"
"Barnett, William A.","https://en.wikipedia.org/wiki/William_A._Barnett"
"Bartels, Julius","https://en.wikipedia.org/wiki/Julius_Bartels"
"Bartlett, M. S.","https://en.wikipedia.org/wiki/M._S._Bartlett"
"Bascand, Geoff","https://en.wikipedia.org/wiki/Geoff_Bascand"
"Basu, Debabrata","https://en.wikipedia.org/wiki/Debabrata_Basu"
"Baxter, Laurence","https://en.wikipedia.org/wiki/Laurence_Baxter"
"Bayes, Thomas","https://en.wikipedia.org/wiki/Thomas_Bayes"
"Beale, Calvin","https://en.wikipedia.org/wiki/Calvin_Beale"
"Behm, Ernst","https://en.wikipedia.org/wiki/Ernst_Behm"
"Benjamin, Bernard","https://en.wikipedia.org/wiki/Bernard_Benjamin"
"Benzécri, Jean-Paul","https://en.wikipedia.org/wiki/Jean-Paul_Benz%C3%A9cri"
"Berger, James","https://en.wikipedia.org/wiki/James_Berger_(statistician)"
"Berkson, Joseph","https://en.wikipedia.org/wiki/Joseph_Berkson"
"Bernardo, José-Miguel","https://en.wikipedia.org/wiki/Jos%C3%A9-Miguel_Bernardo"
"Berry, Don","https://en.wikipedia.org/wiki/Don_Berry_(statistician)"
"Best, Alfred M.","https://en.wikipedia.org/wiki/Alfred_M._Best"
"Beveridge, William","https://en.wikipedia.org/wiki/William_Beveridge"
"Bhat, B. R.","https://en.wikipedia.org/wiki/B._R._Bhat"
"Bhat, P. N. Mari","https://en.wikipedia.org/wiki/P._N._Mari_Bhat"
"Bhat, U. Narayan","https://en.wikipedia.org/wiki/U._Narayan_Bhat"
"Bienaymé, Irénée-Jules","https://en.wikipedia.org/wiki/Ir%C3%A9n%C3%A9e-Jules_Bienaym%C3%A9"
"Bingham, Christopher","https://en.wikipedia.org/wiki/Christopher_Bingham"
"Birnbaum, Allan","https://en.wikipedia.org/wiki/Allan_Birnbaum"
"Bisika, Thomas John","https://en.wikipedia.org/wiki/Thomas_John_Bisika"
"Blackwell, David","https://en.wikipedia.org/wiki/David_Blackwell"
"Bliss, Chester Ittner","https://en.wikipedia.org/wiki/Chester_Ittner_Bliss"
"Block, Maurice","https://en.wikipedia.org/wiki/Maurice_Block"
"Bloom, David E.","https://en.wikipedia.org/wiki/David_E._Bloom"
"Bodio, Luigi","https://en.wikipedia.org/wiki/Luigi_Bodio"
"Bodmer, Walter","https://en.wikipedia.org/wiki/Walter_Bodmer"
"Bonferroni, Carlo Emilio","https://en.wikipedia.org/wiki/Carlo_Emilio_Bonferroni"
"Booth, Charles","https://en.wikipedia.org/wiki/Charles_Booth_(philanthropist)"
"Boreham, John","https://en.wikipedia.org/wiki/John_Boreham"
"Bortkiewicz, Ladislaus","https://en.wikipedia.org/wiki/Ladislaus_Bortkiewicz"
"Bose, R. C.","https://en.wikipedia.org/wiki/R._C._Bose"
"Botha, Roelof","https://en.wikipedia.org/wiki/Roelof_Botha"
"Bottou, Léon","https://en.wikipedia.org/wiki/L%C3%A9on_Bottou"
"Bowley, Arthur Lyon","https://en.wikipedia.org/wiki/Arthur_Lyon_Bowley"
"Box, George E. P.","https://en.wikipedia.org/wiki/George_E._P._Box"
"Boyle, Phelim","https://en.wikipedia.org/wiki/Phelim_Boyle"
"Brad, Ion Ionescu de la","https://en.wikipedia.org/wiki/Ion_Ionescu_de_la_Brad"
"Brassey, Thomas","https://en.wikipedia.org/wiki/Thomas_Brassey,_1st_Earl_Brassey"
"Breiman, Leo","https://en.wikipedia.org/wiki/Leo_Breiman"
"Breslow, Norman","https://en.wikipedia.org/wiki/Norman_Breslow"
"Brooks, Steve","https://en.wikipedia.org/wiki/Steve_Brooks_(statistician)"
"Brown, Lawrence D.","https://en.wikipedia.org/wiki/Lawrence_D._Brown"
"Burgess, Warren Randolph","https://en.wikipedia.org/wiki/Warren_Randolph_Burgess"
"Buzek, Józef","https://en.wikipedia.org/wiki/J%C3%B3zef_Buzek"
"Cai, T. Tony","https://en.wikipedia.org/wiki/T._Tony_Cai"
"Caird, James","https://en.wikipedia.org/wiki/James_Caird_(agricultural_writer)"
"Caldwell, John","https://en.wikipedia.org/wiki/John_Caldwell_(demographer)"
"Cam, Lucien Le","https://en.wikipedia.org/wiki/Lucien_Le_Cam"
"Campion, Harry","https://en.wikipedia.org/wiki/Harry_Campion"
"Candès, Emmanuel","https://en.wikipedia.org/wiki/Emmanuel_Cand%C3%A8s"
"Carver, Harry C.","https://en.wikipedia.org/wiki/Harry_C._Carver"
"Castles, Ian","https://en.wikipedia.org/wiki/Ian_Castles"
"Chakrabarti, M. C.","https://en.wikipedia.org/wiki/M._C._Chakrabarti"
"Chalmers, George","https://en.wikipedia.org/wiki/George_Chalmers_(antiquarian)"
"Chambers, John M.","https://en.wikipedia.org/wiki/John_Chambers_(statistician)"
"Champernowne, D. G.","https://en.wikipedia.org/wiki/D._G._Champernowne"
"Chand, Rattan","https://en.wikipedia.org/wiki/Rattan_Chand"
"Charles, Enid","https://en.wikipedia.org/wiki/Enid_Charles"
"Charlier, Carl","https://en.wikipedia.org/wiki/Carl_Charlier"
"Chebyshev, Pafnuty","https://en.wikipedia.org/wiki/Pafnuty_Chebyshev"
"Chen, Louis Hsiao Yun","https://en.wikipedia.org/wiki/Louis_Chen_Hsiao_Yun"
"Chernoff, Herman","https://en.wikipedia.org/wiki/Herman_Chernoff"
"Chervonenkis, Alexey","https://en.wikipedia.org/wiki/Alexey_Chervonenkis"
"Chow, Yuan-Shih","https://en.wikipedia.org/wiki/Yuan-Shih_Chow"
"Chuprov, Alexander Alexandrovich","https://en.wikipedia.org/wiki/Alexander_Alexandrovich_Chuprov"
"Chuprov, Alexander Ivanovich","https://en.wikipedia.org/wiki/Alexander_Ivanovich_Chuprov"
"Clark, Colin","https://en.wikipedia.org/wiki/Colin_Clark_(economist)"
"Clarke, Richard W. B.","https://en.wikipedia.org/wiki/Richard_W._B._Clarke"
"Clayton, David","https://en.wikipedia.org/wiki/David_Clayton"
"Coale, Ansley J.","https://en.wikipedia.org/wiki/Ansley_J._Coale"
"Coats, Robert H.","https://en.wikipedia.org/wiki/Robert_H._Coats"
"Cochran, William Gemmell","https://en.wikipedia.org/wiki/William_Gemmell_Cochran"
"Cockfield, Arthur","https://en.wikipedia.org/wiki/Arthur_Cockfield,_Baron_Cockfield"
"Coghlan, Timothy Augustine","https://en.wikipedia.org/wiki/Timothy_Augustine_Coghlan"
"Cohen, Jacob","https://en.wikipedia.org/wiki/Jacob_Cohen_(statistician)"
"Cohen, Joel E.","https://en.wikipedia.org/wiki/Joel_E._Cohen"
"Coifman, Ronald","https://en.wikipedia.org/wiki/Ronald_Coifman"
"Coleman, David","https://en.wikipedia.org/wiki/David_Coleman_(academic)"
"Cook, Len","https://en.wikipedia.org/wiki/Len_Cook"
"Cordeiro, Gauss Moutinho","https://en.wikipedia.org/wiki/Gauss_Moutinho_Cordeiro"
"Cornfield, Jerome","https://en.wikipedia.org/wiki/Jerome_Cornfield"
"Courtney, Leonard","https://en.wikipedia.org/wiki/Leonard_Courtney,_1st_Baron_Courtney_of_Penwith"
"Cover, Thomas M.","https://en.wikipedia.org/wiki/Thomas_M._Cover"
"Cox, David","https://en.wikipedia.org/wiki/David_Cox_(statistician)"
"Cox, Gertrude Mary","https://en.wikipedia.org/wiki/Gertrude_Mary_Cox"
"Cox, Richard Threlkeld","https://en.wikipedia.org/wiki/Richard_Threlkeld_Cox"
"Cramér, Harald","https://en.wikipedia.org/wiki/Harald_Cram%C3%A9r"
"Crome, August Friedrich Wilhelm","https://en.wikipedia.org/wiki/August_Friedrich_Wilhelm_Crome"
"Crosby, James","https://en.wikipedia.org/wiki/James_Crosby_(British_businessman)"
"Cudmore, Sedley","https://en.wikipedia.org/wiki/Sedley_Cudmore"
"Cunliffe, Stella","https://en.wikipedia.org/wiki/Stella_Cunliffe"
"Czekanowski, Jan","https://en.wikipedia.org/wiki/Jan_Czekanowski"
"Daniels, Henry","https://en.wikipedia.org/wiki/Henry_Daniels"
"Dantzig, David van","https://en.wikipedia.org/wiki/David_van_Dantzig"
"Dantzig, George","https://en.wikipedia.org/wiki/George_Dantzig"
"Darwin, John","https://en.wikipedia.org/wiki/John_Darwin_(statistician)"
"David, Florence Nightingale","https://en.wikipedia.org/wiki/Florence_Nightingale_David"
"Davies, Griffith","https://en.wikipedia.org/wiki/Griffith_Davies"
"Davis, Kingsley","https://en.wikipedia.org/wiki/Kingsley_Davis"
"Dawid, Philip","https://en.wikipedia.org/wiki/Philip_Dawid"
"Daykin, Christopher","https://en.wikipedia.org/wiki/Christopher_Daykin"
"DeGroot, Morris H.","https://en.wikipedia.org/wiki/Morris_H._DeGroot"
"Deming, W. Edwards","https://en.wikipedia.org/wiki/W._Edwards_Deming"
"Dempster, Arthur P.","https://en.wikipedia.org/wiki/Arthur_P._Dempster"
"Desrosières, Alain","https://en.wikipedia.org/wiki/Alain_Desrosi%C3%A8res"
"Dewey, Davis Rich","https://en.wikipedia.org/wiki/Davis_Rich_Dewey"
"Diaconis, Persi","https://en.wikipedia.org/wiki/Persi_Diaconis"
"Dilke, Sir Charles","https://en.wikipedia.org/wiki/Sir_Charles_Dilke,_2nd_Baronet"
"Dodge, Harold F.","https://en.wikipedia.org/wiki/Harold_F._Dodge"
"Dodson, James","https://en.wikipedia.org/wiki/James_Dodson"
"Doll, Sir Richard","https://en.wikipedia.org/wiki/Richard_Doll"
"Donnelly, Peter","https://en.wikipedia.org/wiki/Peter_Donnelly"
"Donoho, David","https://en.wikipedia.org/wiki/David_Donoho"
"Doob, Joseph Leo","https://en.wikipedia.org/wiki/Joseph_Leo_Doob"
"Dublin, Louis Israel","https://en.wikipedia.org/wiki/Louis_Israel_Dublin"
"Duckworth, Frank","https://en.wikipedia.org/wiki/Frank_Duckworth"
"Dudley, Richard M.","https://en.wikipedia.org/wiki/Richard_M._Dudley"
"Duncan, David F.","https://en.wikipedia.org/wiki/David_F._Duncan"
"Duncan, Otis Dudley","https://en.wikipedia.org/wiki/Otis_Dudley_Duncan"
"Dunn, Halbert L.","https://en.wikipedia.org/wiki/Halbert_L._Dunn"
"Dunnell, Karen","https://en.wikipedia.org/wiki/Karen_Dunnell"
"Dunnett, Charles","https://en.wikipedia.org/wiki/Charles_Dunnett"
"Durbin, James","https://en.wikipedia.org/wiki/James_Durbin"
"Dvoretzky, Aryeh","https://en.wikipedia.org/wiki/Aryeh_Dvoretzky"
"Easton, Brian","https://en.wikipedia.org/wiki/Brian_Easton_(economist)"
"Eckler, A. Ross","https://en.wikipedia.org/wiki/A._Ross_Eckler"
"Eckler, A. Ross Jr.","https://en.wikipedia.org/wiki/A._Ross_Eckler,_Jr."
"Eden, Sir Frederick","https://en.wikipedia.org/wiki/Sir_Frederick_Eden,_2nd_Baronet"
"Edgeworth, Francis Ysidro","https://en.wikipedia.org/wiki/Francis_Ysidro_Edgeworth"
"Edwards, A. W. F.","https://en.wikipedia.org/wiki/A._W._F._Edwards"
"Efron, Bradley","https://en.wikipedia.org/wiki/Bradley_Efron"
"Eisenhart, Churchill","https://en.wikipedia.org/wiki/Churchill_Eisenhart"
"Elderton, Ethel M.","https://en.wikipedia.org/wiki/Ethel_M._Elderton"
"Elderton, William Palin","https://en.wikipedia.org/wiki/William_Palin_Elderton"
"Elston, Robert C.","https://en.wikipedia.org/wiki/Robert_C._Elston"
"Engel, Ernst","https://en.wikipedia.org/wiki/Ernst_Engel"
"Engle, Robert F.","https://en.wikipedia.org/wiki/Robert_F._Engle"
"Erlang, A. K.","https://en.wikipedia.org/wiki/Agner_Krarup_Erlang"
"Erritt, John","https://en.wikipedia.org/wiki/John_Erritt"
"Ezekiel, Mordecai","https://en.wikipedia.org/wiki/Mordecai_Ezekiel"
"Fabri, Johann Ernst","https://en.wikipedia.org/wiki/Johann_Ernst_Fabri"
"Fallati, Johannes","https://en.wikipedia.org/wiki/Johannes_Fallati"
"Fan, Jianqing","https://en.wikipedia.org/wiki/Jianqing_Fan"
"Farr, William","https://en.wikipedia.org/wiki/William_Farr"
"Farrer, Thomas","https://en.wikipedia.org/wiki/Thomas_Farrer,_1st_Baron_Farrer"
"Fechner, Gustav","https://en.wikipedia.org/wiki/Gustav_Fechner"
"Fellegi, Ivan","https://en.wikipedia.org/wiki/Ivan_Fellegi"
"Feller, William","https://en.wikipedia.org/wiki/William_Feller"
"Fernique, Xavier","https://en.wikipedia.org/wiki/Xavier_Fernique"
"Fienberg, Stephen","https://en.wikipedia.org/wiki/Stephen_Fienberg"
"Finetti, Bruno de","https://en.wikipedia.org/wiki/Bruno_de_Finetti"
"Finlaison, John","https://en.wikipedia.org/wiki/John_Finlaison_(Finlayson)"
"Finney, D. J.","https://en.wikipedia.org/wiki/D._J._Finney"
"Fisher, Irving","https://en.wikipedia.org/wiki/Irving_Fisher"
"Fisher, Sir Ronald A.","https://en.wikipedia.org/wiki/Ronald_Fisher"
"Fleetwood, William","https://en.wikipedia.org/wiki/William_Fleetwood"
"Fleiss, Joseph L.","https://en.wikipedia.org/wiki/Joseph_L._Fleiss"
"Flux, A. William","https://en.wikipedia.org/wiki/A._William_Flux"
"Foot, David","https://en.wikipedia.org/wiki/David_Foot_(economist)"
"Fowler, Henry","https://en.wikipedia.org/wiki/Henry_Fowler,_1st_Viscount_Wolverhampton"
"Fox, John","https://en.wikipedia.org/wiki/John_Fox_(statistician)"
"Frankel, Lester","https://en.wikipedia.org/wiki/Lester_Frankel"
"Franscini, Stefano","https://en.wikipedia.org/wiki/Stefano_Franscini"
"Freedman, David A.","https://en.wikipedia.org/wiki/David_A._Freedman_(statistician)"
"Freedman, Ronald","https://en.wikipedia.org/wiki/Ronald_Freedman"
"Friedman, Milton","https://en.wikipedia.org/wiki/Milton_Friedman"
"Frigessi, Arnoldo di Rattalma","https://en.wikipedia.org/wiki/Arnoldo_Frigessi"
"Gain, Anil Kumar","https://en.wikipedia.org/wiki/Anil_Kumar_Gain"
"Gallant, A. Ronald","https://en.wikipedia.org/wiki/A._Ronald_Gallant"
"Gallup, George","https://en.wikipedia.org/wiki/George_Gallup"
"Galton, Francis","https://en.wikipedia.org/wiki/Francis_Galton"
"Gauquelin, Michel","https://en.wikipedia.org/wiki/Michel_Gauquelin"
"Geary, Roy C.","https://en.wikipedia.org/wiki/Roy_C._Geary"
"Geisser, Seymour","https://en.wikipedia.org/wiki/Seymour_Geisser"
"Geman, Donald","https://en.wikipedia.org/wiki/Donald_Geman"
"Ghosh, Jayanta Kumar","https://en.wikipedia.org/wiki/Jayanta_Kumar_Ghosh"
"Ghysels, Eric","https://en.wikipedia.org/wiki/Eric_Ghysels"
"Giblin, Lyndhurst","https://en.wikipedia.org/wiki/Lyndhurst_Giblin"
"Giffen, Robert","https://en.wikipedia.org/wiki/Robert_Giffen"
"Gill, Richard D.","https://en.wikipedia.org/wiki/Richard_D._Gill"
"Gini, Corrado","https://en.wikipedia.org/wiki/Corrado_Gini"
"Glass, David","https://en.wikipedia.org/wiki/David_Glass_(sociologist)"
"Glass, Gene V.","https://en.wikipedia.org/wiki/Gene_V._Glass"
"Goldman, Samuel","https://en.wikipedia.org/wiki/Samuel_Goldman"
"Goldstein, Harvey","https://en.wikipedia.org/wiki/Harvey_Goldstein"
"Gompertz, Benjamin","https://en.wikipedia.org/wiki/Benjamin_Gompertz"
"Good, I. J.","https://en.wikipedia.org/wiki/I._J._Good"
"Good, Phillip","https://en.wikipedia.org/wiki/Phillip_Good"
"Goodnight, James","https://en.wikipedia.org/wiki/James_Goodnight"
"Goschen, George","https://en.wikipedia.org/wiki/George_Goschen,_1st_Viscount_Goschen"
"Gosset, William Sealy","https://en.wikipedia.org/wiki/William_Sealy_Gosset"
"Granger, Clive","https://en.wikipedia.org/wiki/Clive_Granger"
"Graunt, John","https://en.wikipedia.org/wiki/John_Graunt"
"Gray, Mary W.","https://en.wikipedia.org/wiki/Mary_W._Gray"
"Grebenik, Eugene","https://en.wikipedia.org/wiki/Eugene_Grebenik"
"Green, Peter","https://en.wikipedia.org/wiki/Peter_Green_(statistician)"
"Greenland, Sander","https://en.wikipedia.org/wiki/Sander_Greenland"
"Greenwood, Major","https://en.wikipedia.org/wiki/Major_Greenwood"
"Griffiths, Robert","https://en.wikipedia.org/wiki/Robert_Griffiths_(mathematician)"
"Griliches, Zvi","https://en.wikipedia.org/wiki/Zvi_Griliches"
"Grimmett, Geoffrey","https://en.wikipedia.org/wiki/Geoffrey_Grimmett"
"Guerry, André-Michel","https://en.wikipedia.org/wiki/Andr%C3%A9-Michel_Guerry"
"Gumbel, Emil Julius","https://en.wikipedia.org/wiki/Emil_Julius_Gumbel"
"Guttman, Louis","https://en.wikipedia.org/wiki/Louis_Guttman"
"Guy, William","https://en.wikipedia.org/wiki/William_Guy"
"Gy, Pierre","https://en.wikipedia.org/wiki/Pierre_Gy"
"Haberman, Steven","https://en.wikipedia.org/wiki/Steven_Haberman"
"Hájek, Jaroslav","https://en.wikipedia.org/wiki/Jaroslav_H%C3%A1jek"
"Hajnal, John","https://en.wikipedia.org/wiki/John_Hajnal"
"Hald, Anders","https://en.wikipedia.org/wiki/Anders_Hald"
"Hastie, Trevor","https://en.wikipedia.org/wiki/Trevor_Hastie"
"Hall, Peter Gavin","https://en.wikipedia.org/wiki/Peter_Gavin_Hall"
"Halmos, Paul","https://en.wikipedia.org/wiki/Paul_Halmos"
"Hamilton, Lord George","https://en.wikipedia.org/wiki/Lord_George_Hamilton"
"Hand, David","https://en.wikipedia.org/wiki/David_Hand_(statistician)"
"Hardin, Garrett","https://en.wikipedia.org/wiki/Garrett_Hardin"
"Harris, Ted","https://en.wikipedia.org/wiki/Ted_Harris_(mathematician)"
"Hartley, Herman Otto","https://en.wikipedia.org/wiki/Herman_Otto_Hartley"
"Hayter, Henry Heylyn","https://en.wikipedia.org/wiki/Henry_Heylyn_Hayter"
"Healy, Michael","https://en.wikipedia.org/wiki/Michael_Healy_(statistician)"
"Hedges, Larry V.","https://en.wikipedia.org/wiki/Larry_V._Hedges"
"Hein, Jotun","https://en.wikipedia.org/wiki/Jotun_Hein"
"Helmert, Friedrich Robert","https://en.wikipedia.org/wiki/Friedrich_Robert_Helmert"
"Henderson, Charles Roy","https://en.wikipedia.org/wiki/Charles_Roy_Henderson"
"Heyde, Chris","https://en.wikipedia.org/wiki/Chris_Heyde"
"Hibbert, Sir Jack","https://en.wikipedia.org/wiki/Jack_Hibbert"
"Hickman, James C.","https://en.wikipedia.org/wiki/James_C._Hickman"
"Hilbe, Joseph","https://en.wikipedia.org/wiki/Joseph_Hilbe"
"Hill, Austin Bradford","https://en.wikipedia.org/wiki/Austin_Bradford_Hill"
"Hill, Joseph Adna","https://en.wikipedia.org/wiki/Joseph_Adna_Hill"
"Hinkley, David V.","https://en.wikipedia.org/wiki/David_V._Hinkley"
"Hjort, Nils Lid","https://en.wikipedia.org/wiki/Nils_Lid_Hjort"
"Hoeffding, Wassily","https://en.wikipedia.org/wiki/Wassily_Hoeffding"
"Hoem, Jan","https://en.wikipedia.org/wiki/Jan_Hoem"
"Hollander, Myles","https://en.wikipedia.org/wiki/Myles_Hollander"
"Hollerith, Herman","https://en.wikipedia.org/wiki/Herman_Hollerith"
"Holmes, Chris","https://en.wikipedia.org/wiki/Chris_Holmes_(mathematician)"
"Holmes, Susan","https://en.wikipedia.org/wiki/Susan_P._Holmes"
"Holt, Tim","https://en.wikipedia.org/wiki/Tim_Holt_(statistician)"
"Holtsmark, Gabriel Gabrielsen","https://en.wikipedia.org/wiki/Gabriel_Gabrielsen_Holtsmark"
"Hogben, Lancelot","https://en.wikipedia.org/wiki/Lancelot_Hogben"
"Hooker, Reginald Hawthorn","https://en.wikipedia.org/wiki/Reginald_Hawthorn_Hooker"
"Horn, Susan","https://en.wikipedia.org/wiki/Susan_Horn"
"Hotelling, Harold","https://en.wikipedia.org/wiki/Harold_Hotelling"
"Huff, Darrell","https://en.wikipedia.org/wiki/Darrell_Huff"
"Hunter, Sir William Wilson","https://en.wikipedia.org/wiki/William_Wilson_Hunter"
"Hunter, William","https://en.wikipedia.org/wiki/William_Hunter_(statistician)"
"Hutchinson, Col","https://en.wikipedia.org/wiki/Col_Hutchinson"
"Huzurbazar, V. S.","https://en.wikipedia.org/wiki/V._S._Huzurbazar"
"Ihaka, Ross","https://en.wikipedia.org/wiki/Ross_Ihaka"
"Iman, Ronald L.","https://en.wikipedia.org/wiki/Ronald_L._Iman"
"Irwin, Joseph Oscar","https://en.wikipedia.org/wiki/Joseph_Oscar_Irwin"
"Ishikawa, Kaoru","https://en.wikipedia.org/wiki/Kaoru_Ishikawa"
"Isserlis, Leon","https://en.wikipedia.org/wiki/Leon_Isserlis"
"Jacoby, Oswald","https://en.wikipedia.org/wiki/Oswald_Jacoby"
"Jaffrey, Thomas","https://en.wikipedia.org/wiki/Thomas_Jaffrey"
"James, Bill","https://en.wikipedia.org/wiki/Bill_James"
"Jaynes, Edwin Thompson","https://en.wikipedia.org/wiki/Edwin_Thompson_Jaynes"
"Jefferys, William H.","https://en.wikipedia.org/wiki/William_H._Jefferys"
"Jeffreys, Harold","https://en.wikipedia.org/wiki/Harold_Jeffreys"
"Jellinek, E. Morton","https://en.wikipedia.org/wiki/E._Morton_Jellinek"
"Jenkins, Gwilym","https://en.wikipedia.org/wiki/Gwilym_Jenkins"
"Jevons, William Stanley","https://en.wikipedia.org/wiki/William_Stanley_Jevons"
"Jobson, Alexander","https://en.wikipedia.org/wiki/Alexander_Jobson"
"Johnson, Norman Lloyd","https://en.wikipedia.org/wiki/Norman_Lloyd_Johnson"
"Johnston, Robert Mackenzie","https://en.wikipedia.org/wiki/Robert_Mackenzie_Johnston"
"Jones, Edward","https://en.wikipedia.org/wiki/Edward_Jones_(statistician)"
"Jones-Loyd, Samuel","https://en.wikipedia.org/wiki/Samuel_Jones-Loyd,_1st_Baron_Overstone"
"Jordan, Michael I.","https://en.wikipedia.org/wiki/Michael_I._Jordan"
"Jöreskog, Karl Gustav","https://en.wikipedia.org/wiki/Karl_Gustav_J%C3%B6reskog"
"Jouffret, Esprit","https://en.wikipedia.org/wiki/Esprit_Jouffret"
"Juran, Joseph M.","https://en.wikipedia.org/wiki/Joseph_M._Juran"
"Jurin, James","https://en.wikipedia.org/wiki/James_Jurin"
"Kac, Mark","https://en.wikipedia.org/wiki/Mark_Kac"
"Kempthorne, Oscar","https://en.wikipedia.org/wiki/Oscar_Kempthorne"
"Kendall, David George","https://en.wikipedia.org/wiki/David_George_Kendall"
"Kendall, Sir Maurice","https://en.wikipedia.org/wiki/Maurice_Kendall"
"Kennedy, Joseph C. G.","https://en.wikipedia.org/wiki/Joseph_C._G._Kennedy"
"Khattree, Ravindra","https://en.wikipedia.org/wiki/Ravindra_Khattree"
"Khmaladze, Estate V.","https://en.wikipedia.org/wiki/Estate_V._Khmaladze"
"Kiefer, Jack","https://en.wikipedia.org/wiki/Jack_Kiefer_(mathematician)"
"Kiær, Anders Nicolai","https://en.wikipedia.org/wiki/Anders_Nicolai_Ki%C3%A6r"
"King, Gregory","https://en.wikipedia.org/wiki/Gregory_King"
"King, Willford I.","https://en.wikipedia.org/wiki/Willford_I._King"
"Kingman, John","https://en.wikipedia.org/wiki/John_Kingman"
"Kish, Leslie","https://en.wikipedia.org/wiki/Leslie_Kish"
"Knibbs, George Handley","https://en.wikipedia.org/wiki/George_Handley_Knibbs"
"Kočović, Bogoljub","https://en.wikipedia.org/wiki/Bogoljub_Ko%C4%8Dovi%C4%87"
"Kolmogorov, Andrey Nikolaevich","https://en.wikipedia.org/wiki/Andrey_Kolmogorov"
"Koopman, Bernard","https://en.wikipedia.org/wiki/Bernard_Koopman"
"Kott, Phillip","https://en.wikipedia.org/wiki/Phillip_Kott"
"Krewski, Dan","https://en.wikipedia.org/wiki/Dan_Krewski"
"Krumbein, William C.","https://en.wikipedia.org/wiki/William_C._Krumbein"
"Kruskal, Joseph","https://en.wikipedia.org/wiki/Joseph_Kruskal"
"Kruskal, William","https://en.wikipedia.org/wiki/William_Kruskal"
"Krüger, André","https://en.wikipedia.org/wiki/Andr%C3%A9_Kr%C3%BCger"
"Kuczynski, Robert René","https://en.wikipedia.org/wiki/Robert_Ren%C3%A9_Kuczynski"
"Kulischer, Eugene M.","https://en.wikipedia.org/wiki/Eugene_M._Kulischer"
"Kullback, Solomon","https://en.wikipedia.org/wiki/Solomon_Kullback"
"Kulldorff, Gunnar","https://en.wikipedia.org/wiki/Gunnar_Kulldorff"
"Künsch, Hans-Rudolf","https://en.wikipedia.org/wiki/Hans-Rudolf_K%C3%BCnsch"
"Kurnow, Ernest","https://en.wikipedia.org/wiki/Ernest_Kurnow"
"Kuzmicich, Steve","https://en.wikipedia.org/wiki/Steve_Kuzmicich"
"Kuznets, Simon","https://en.wikipedia.org/wiki/Simon_Kuznets"
"Lah, Ivo","https://en.wikipedia.org/wiki/Ivo_Lah"
"Laird, Nan","https://en.wikipedia.org/wiki/Nan_Laird"
"Laslett, Peter","https://en.wikipedia.org/wiki/Peter_Laslett"
"Laspeyres, Étienne","https://en.wikipedia.org/wiki/%C3%89tienne_Laspeyres"
"Lathrop, Mark","https://en.wikipedia.org/wiki/Mark_Lathrop"
"Law, John","https://en.wikipedia.org/wiki/John_Law_(economist)"
"Lawler, Gregory Francis","https://en.wikipedia.org/wiki/Greg_Lawler"
"Lawrence, Charles","https://en.wikipedia.org/wiki/Charles_Lawrence_(mathematician)"
"Lehmann, Erich Leo","https://en.wikipedia.org/wiki/Erich_Leo_Lehmann"
"Lemon, Charles","https://en.wikipedia.org/wiki/Charles_Lemon"
"Leontief, Wassily","https://en.wikipedia.org/wiki/Wassily_Leontief"
"Levit, Boris","https://en.wikipedia.org/wiki/Boris_Levit"
"Lewis, Tony","https://en.wikipedia.org/wiki/Tony_Lewis_(mathematician)"
"Lexis, Wilhelm","https://en.wikipedia.org/wiki/Wilhelm_Lexis"
"Li, C. C.","https://en.wikipedia.org/wiki/C._C._Li"
"Li, David X.","https://en.wikipedia.org/wiki/David_X._Li"
"Likert, Rensis","https://en.wikipedia.org/wiki/Rensis_Likert"
"Lilliefors, Hubert","https://en.wikipedia.org/wiki/Hubert_Lilliefors"
"Lindeberg, Jarl Waldemar","https://en.wikipedia.org/wiki/Jarl_Waldemar_Lindeberg"
"Lindley, Dennis V.","https://en.wikipedia.org/wiki/Dennis_Lindley"
"Lindstedt, Anders","https://en.wikipedia.org/wiki/Anders_Lindstedt"
"Lindstrom, Frederick B.","https://en.wikipedia.org/wiki/Frederick_B._Lindstrom"
"Linnik, Yuri","https://en.wikipedia.org/wiki/Yuri_Linnik"
"Liu, Jun","https://en.wikipedia.org/wiki/Jun_S._Liu"
"Longman, Phillip","https://en.wikipedia.org/wiki/Phillip_Longman"
"Lord, Frederic M.","https://en.wikipedia.org/wiki/Frederic_M._Lord"
"Lorenz, Max O.","https://en.wikipedia.org/wiki/Max_O._Lorenz"
"Lotka, Alfred J.","https://en.wikipedia.org/wiki/Alfred_J._Lotka"
"Loève, Michel","https://en.wikipedia.org/wiki/Michel_Lo%C3%A8ve"
"Lubbock, John","https://en.wikipedia.org/wiki/John_Lubbock,_1st_Baron_Avebury"
"Lundberg, Filip","https://en.wikipedia.org/wiki/Filip_Lundberg"
"MacGregor, John F.","https://en.wikipedia.org/wiki/John_F._MacGregor"
"Mahalanobis, Prasanta Chandra","https://en.wikipedia.org/wiki/Prasanta_Chandra_Mahalanobis"
"Manwar, Khandakar Hossain","https://en.wikipedia.org/wiki/Khandkar_Manwar_Hossain"
"Mallet, Bernard","https://en.wikipedia.org/wiki/Bernard_Mallet"
"Malthus, Thomas Robert","https://en.wikipedia.org/wiki/Thomas_Robert_Malthus"
"Mannheimer, Renato","https://en.wikipedia.org/wiki/Renato_Mannheimer"
"Mantel, Nathan","https://en.wikipedia.org/wiki/Nathan_Mantel"
"Mardia, Kantilal","https://en.wikipedia.org/wiki/Kantilal_Mardia"
"Marpsat, Maryse","https://en.wikipedia.org/wiki/Maryse_Marpsat"
"Marquardt, Donald","https://en.wikipedia.org/wiki/Donald_Marquardt"
"Marquis, Frederick","https://en.wikipedia.org/wiki/Frederick_Marquis,_1st_Earl_of_Woolton"
"McSharma, India","https://en.wikipedia.org/w/index.php?title=Mc_Sharma,_Sharma%27s_Correction_to_Sample_Size_Determination&action=edit&redlink=1"
"Marschak, Jacob","https://en.wikipedia.org/wiki/Jacob_Marschak"
"Marshall, Herbert","https://en.wikipedia.org/wiki/Herbert_Marshall_(statistician)"
"Martin, Sir Richard","https://en.wikipedia.org/wiki/Sir_Richard_Martin,_1st_Baronet,_of_Overbury_Court"
"Massey, Kenneth","https://en.wikipedia.org/wiki/Kenneth_Massey"
"Masuyama, Motosaburo","https://en.wikipedia.org/wiki/Motosaburo_Masuyama"
"Mauchly, John","https://en.wikipedia.org/wiki/John_Mauchly"
"McClintock, Emory","https://en.wikipedia.org/wiki/Emory_McClintock"
"McCrossan, Paul","https://en.wikipedia.org/wiki/Paul_McCrossan"
"McCullagh, Peter","https://en.wikipedia.org/wiki/Peter_McCullagh"
"McEvedy, Colin","https://en.wikipedia.org/wiki/Colin_McEvedy"
"McKendrick, Anderson Gray","https://en.wikipedia.org/wiki/Anderson_Gray_McKendrick"
"McLennan, Bill","https://en.wikipedia.org/wiki/Bill_McLennan"
"McNemar, Quinn","https://en.wikipedia.org/wiki/Quinn_McNemar"
"McVean, Gilean","https://en.wikipedia.org/wiki/Gilean_McVean"
"Meeker, Royal","https://en.wikipedia.org/wiki/Royal_Meeker"
"Meier, Paul","https://en.wikipedia.org/wiki/Paul_Meier_(statistician)"
"Meng, Xiao-Li","https://en.wikipedia.org/wiki/Xiao-Li_Meng"
"Mihoc, Gheorghe","https://en.wikipedia.org/wiki/Gheorghe_Mihoc"
"Milliken, George A.","https://en.wikipedia.org/wiki/George_A._Milliken"
"Milliman, Wendell","https://en.wikipedia.org/wiki/Wendell_Milliman"
"Milne, Joshua","https://en.wikipedia.org/wiki/Joshua_Milne"
"Milnes, Richard Monckton","https://en.wikipedia.org/wiki/Richard_Monckton_Milnes,_1st_Baron_Houghton"
"Mitchell, Wesley Clair","https://en.wikipedia.org/wiki/Wesley_Clair_Mitchell"
"Mitofsky, Warren","https://en.wikipedia.org/wiki/Warren_Mitofsky"
"Mohn, Jakob","https://en.wikipedia.org/wiki/Jakob_Mohn"
"Moivre, Abraham de","https://en.wikipedia.org/wiki/Abraham_de_Moivre"
"Molina, Edward C.","https://en.wikipedia.org/wiki/Edward_C._Molina"
"Moore, Henry Ludwell","https://en.wikipedia.org/wiki/Henry_Ludwell_Moore"
"Moran, Pat","https://en.wikipedia.org/wiki/Pat_Moran_(statistician)"
"Mores, Edward Rowe","https://en.wikipedia.org/wiki/Edward_Rowe_Mores"
"Morgan, William","https://en.wikipedia.org/wiki/William_Morgan_(scientist)"
"Morris, Carl","https://en.wikipedia.org/wiki/Carl_Morris_(statistician)"
"Morrison, Winifred J.","https://en.wikipedia.org/wiki/Winifred_J._Morrison"
"Moser, Claus","https://en.wikipedia.org/wiki/Claus_Moser,_Baron_Moser"
"Mosteller, Frederick","https://en.wikipedia.org/wiki/Frederick_Mosteller"
"Mouat, Frederic J.","https://en.wikipedia.org/wiki/Frederic_J._Mouat"
"Moyal, José Enrique","https://en.wikipedia.org/wiki/Jos%C3%A9_Enrique_Moyal"
"Murphy, Susan","https://en.wikipedia.org/wiki/Susan_Murphy"
"Nair, Vijayan N.","https://en.wikipedia.org/wiki/Vijayan_Nair"
"Nason, Guy","https://en.wikipedia.org/wiki/Guy_Nason"
"Neill, Charles P.","https://en.wikipedia.org/wiki/Charles_P._Neill"
"Nelder, John","https://en.wikipedia.org/wiki/John_Nelder"
"Nesbitt, Cecil J.","https://en.wikipedia.org/wiki/Cecil_J._Nesbitt"
"Newmarch, William","https://en.wikipedia.org/wiki/William_Newmarch"
"Neyman, Jerzy","https://en.wikipedia.org/wiki/Jerzy_Neyman"
"Nightingale, Florence","https://en.wikipedia.org/wiki/Florence_Nightingale"
"Niyogi, Partha","https://en.wikipedia.org/wiki/Partha_Niyogi"
"Noether, Gottfried E.","https://en.wikipedia.org/wiki/Gottfried_E._Noether"
"Nordling, Carl O.","https://en.wikipedia.org/wiki/Carl_O._Nordling"
"Notestein, Frank W.","https://en.wikipedia.org/wiki/Frank_W._Notestein"
"Ogburn, William Fielding","https://en.wikipedia.org/wiki/William_Fielding_Ogburn"
"Olshansky, S. Jay","https://en.wikipedia.org/wiki/S._Jay_Olshansky"
"Onicescu, Octav","https://en.wikipedia.org/wiki/Octav_Onicescu"
"Onslow, William","https://en.wikipedia.org/wiki/William_Onslow,_4th_Earl_of_Onslow"
"Orshansky, Mollie","https://en.wikipedia.org/wiki/Mollie_Orshansky"
"Paine, George","https://en.wikipedia.org/wiki/George_Paine_(registrar)"
"Pakington, John","https://en.wikipedia.org/wiki/John_Pakington,_1st_Baron_Hampton"
"Panaretos, John","https://en.wikipedia.org/wiki/John_Panaretos"
"Parzen, Emanuel","https://en.wikipedia.org/wiki/Emanuel_Parzen"
"Pearl, Raymond","https://en.wikipedia.org/wiki/Raymond_Pearl"
"Pearson, Egon","https://en.wikipedia.org/wiki/Egon_Pearson"
"Pearson, Karl","https://en.wikipedia.org/wiki/Karl_Pearson"
"Peirce, Charles Sanders","https://en.wikipedia.org/wiki/Charles_Sanders_Peirce"
"Pereira, Basilio de Bragança","https://en.wikipedia.org/wiki/Basilio_de_Bragan%C3%A7a_Pereira"
"Peto, Julian","https://en.wikipedia.org/wiki/Julian_Peto"
"Peto, Richard","https://en.wikipedia.org/wiki/Richard_Peto"
"Petty, William","https://en.wikipedia.org/wiki/William_Petty"
"Petty-Fitzmaurice, Henry","https://en.wikipedia.org/wiki/Henry_Petty-Fitzmaurice,_3rd_Marquess_of_Lansdowne"
"Piekałkiewicz, Jan","https://en.wikipedia.org/wiki/Jan_Pieka%C5%82kiewicz"
"Pillai, K. C. Sreedharan","https://en.wikipedia.org/wiki/K._C._Sreedharan_Pillai"
"Pillai, Vijayan K","https://en.wikipedia.org/wiki/Vijayan_K_Pillai"
"Pink, Brian","https://en.wikipedia.org/wiki/Brian_Pink"
"Pitman, E. J. G.","https://en.wikipedia.org/wiki/E._J._G._Pitman"
"Plackett, Robin","https://en.wikipedia.org/wiki/Robin_Plackett"
"Playfair, William","https://en.wikipedia.org/wiki/William_Playfair"
"Pleszczyńska, Elżbieta","https://en.wikipedia.org/wiki/El%C5%BCbieta_Pleszczy%C5%84ska"
"Pocock, Stuart","https://en.wikipedia.org/wiki/Stuart_Pocock"
"Pollak, Henry O.","https://en.wikipedia.org/wiki/Henry_O._Pollak"
"Polson, Nicholas","https://en.wikipedia.org/wiki/Nicholas_Polson"
"Preston, Samuel H.","https://en.wikipedia.org/wiki/Samuel_H._Preston"
"Price, Richard","https://en.wikipedia.org/wiki/Richard_Price"
"Priestley, Maurice","https://en.wikipedia.org/wiki/Maurice_Priestley"
"Princet, Maurice","https://en.wikipedia.org/wiki/Maurice_Princet"
"Punnett, Reginald","https://en.wikipedia.org/wiki/Reginald_Punnett"
"Pólya, George","https://en.wikipedia.org/wiki/George_P%C3%B3lya"
"Quetelet, Adolphe","https://en.wikipedia.org/wiki/Adolphe_Quetelet"
"Chand Rattan","https://en.wikipedia.org/wiki/Rattan_Chand"
"Raftery, Adrian","https://en.wikipedia.org/wiki/Adrian_Raftery"
"Raghavarao, D.","https://en.wikipedia.org/wiki/D._Raghavarao"
"Raiffa, Howard","https://en.wikipedia.org/wiki/Howard_Raiffa"
"Ralescu, Stefan","https://en.wikipedia.org/wiki/Stefan_Ralescu"
"Rao, C.R.","https://en.wikipedia.org/wiki/Calyampudi_Radhakrishna_Rao"
"Rasch, Georg","https://en.wikipedia.org/wiki/Georg_Rasch"
"Redington, Frank","https://en.wikipedia.org/wiki/Frank_Redington"
"Reid, Nancy","https://en.wikipedia.org/wiki/Nancy_Reid"
"Reiersøl, Olav","https://en.wikipedia.org/wiki/Olav_Reiers%C3%B8l"
"Rhodes, E. C.","https://en.wikipedia.org/wiki/E._C._Rhodes"
"Rice, Thomas Spring","https://en.wikipedia.org/wiki/Thomas_Spring_Rice,_1st_Baron_Monteagle_of_Brandon"
"Richardson, Sylvia","https://en.wikipedia.org/wiki/Sylvia_Richardson"
"Rickman, John","https://en.wikipedia.org/wiki/John_Rickman"
"Ripley, Brian Daniel","https://en.wikipedia.org/wiki/Brian_D._Ripley"
"Robbins, Herbert","https://en.wikipedia.org/wiki/Herbert_Robbins"
"Roberts, Gareth O.","https://en.wikipedia.org/wiki/Gareth_Roberts_(statistician)"
"Roberts, Harry V.","https://en.wikipedia.org/wiki/Harry_V._Roberts"
"Robertson, Stuart A.","https://en.wikipedia.org/wiki/Stuart_A._Robertson"
"Robine, Jean-Marie","https://en.wikipedia.org/wiki/Jean-Marie_Robine"
"Robins, James","https://en.wikipedia.org/wiki/James_Robins"
"Robinson, Claude E.","https://en.wikipedia.org/wiki/Claude_E._Robinson"
"Rosenthal, Jeff","https://en.wikipedia.org/wiki/Jeff_Rosenthal"
"Roy, Bimal Kumar","https://en.wikipedia.org/wiki/Bimal_Kumar_Roy"
"Roy, S. N.","https://en.wikipedia.org/wiki/S._N._Roy"
"Rubin, Donald","https://en.wikipedia.org/wiki/Donald_Rubin"
"Rubinow, I. M.","https://en.wikipedia.org/wiki/I._M._Rubinow"
"Rubinstein, Reuven","https://en.wikipedia.org/wiki/Reuven_Rubinstein"
"Ruggles, Steven","https://en.wikipedia.org/wiki/Steven_Ruggles"
"Russell, John","https://en.wikipedia.org/wiki/John_Russell,_1st_Earl_Russell"
"Ryder, Dudley","https://en.wikipedia.org/wiki/Dudley_Ryder,_2nd_Earl_of_Harrowby"
"Sagarin, Jeff","https://en.wikipedia.org/wiki/Jeff_Sagarin"
"Saha, Jahar","https://en.wikipedia.org/wiki/Jahar_Saha"
"Saint-Maur, Nicolas-François Dupré de","https://en.wikipedia.org/wiki/Nicolas-Fran%C3%A7ois_Dupr%C3%A9_de_Saint-Maur"
"Salsburg, David","https://en.wikipedia.org/wiki/David_Salsburg"
"Samuel, Herbert","https://en.wikipedia.org/wiki/Herbert_Samuel,_1st_Viscount_Samuel"
"Sanders, William","https://en.wikipedia.org/wiki/William_Sanders_(statistician)"
"Savage, Leonard Jimmie","https://en.wikipedia.org/wiki/Leonard_Jimmie_Savage"
"Sawilowsky, Shlomo","https://en.wikipedia.org/wiki/Shlomo_Sawilowsky"
"Scheffé, Henry","https://en.wikipedia.org/wiki/Henry_Scheff%C3%A9"
"Schlaifer, Robert","https://en.wikipedia.org/wiki/Robert_Schlaifer"
"Schultz, Henry","https://en.wikipedia.org/wiki/Henry_Schultz"
"Schuster, Arthur","https://en.wikipedia.org/wiki/Arthur_Schuster"
"Schweder, Tore","https://en.wikipedia.org/wiki/Tore_Schweder"
"Scott, Elizabeth","https://en.wikipedia.org/wiki/Elizabeth_Scott_(mathematician)"
"Scurfield, Hugh Hedley","https://en.wikipedia.org/wiki/Hugh_Hedley_Scurfield"
"Searle, Shayle R.","https://en.wikipedia.org/wiki/Shayle_R._Searle"
"Sebastiani, Paola","https://en.wikipedia.org/wiki/Paola_Sebastiani"
"Semyonov-Tyan-Shansky, Pyotr","https://en.wikipedia.org/wiki/Pyotr_Semyonov-Tyan-Shansky"
"Shah, B. V.","https://en.wikipedia.org/wiki/B._V._Shah"
"Shapley, Lloyd","https://en.wikipedia.org/wiki/Lloyd_Shapley"
"Shaw-Lefevre, George","https://en.wikipedia.org/wiki/George_Shaw-Lefevre,_1st_Baron_Eversley"
"Shepp, Lawrence","https://en.wikipedia.org/wiki/Lawrence_Shepp"
"Sheppard, William Fleetwood","https://en.wikipedia.org/wiki/William_Fleetwood_Sheppard"
"Shewhart, Walter A.","https://en.wikipedia.org/wiki/Walter_A._Shewhart"
"Shrikhande, S. S.","https://en.wikipedia.org/wiki/S._S._Shrikhande"
"Sichel, Herbert","https://en.wikipedia.org/wiki/Herbert_Sichel"
"Siegel, Sidney","https://en.wikipedia.org/wiki/Sidney_Siegel"
"Silver, Nate","https://en.wikipedia.org/wiki/Nate_Silver"
"Silverman, Bernard","https://en.wikipedia.org/wiki/Bernard_Silverman"
"Simiand, François","https://en.wikipedia.org/wiki/Fran%C3%A7ois_Simiand"
"Simon, Leslie Earl","https://en.wikipedia.org/wiki/Leslie_Earl_Simon"
"Sinclair, Sir John","https://en.wikipedia.org/wiki/Sir_John_Sinclair,_1st_Baronet"
"Sirkeci, Ibrahim","https://en.wikipedia.org/wiki/Ibrahim_Sirkeci"
"Slutsky, Eugen","https://en.wikipedia.org/wiki/Eugen_Slutsky"
"Smith, A.F.M","https://en.wikipedia.org/wiki/Adrian_Smith_(academic)"
"Smith, Cedric","https://en.wikipedia.org/wiki/Cedric_Smith_(statistician)"
"Smith, Walter L.","https://en.wikipedia.org/wiki/Walter_L._Smith"
"Snedecor, George W.","https://en.wikipedia.org/wiki/George_W._Snedecor"
"Snyder, Carl","https://en.wikipedia.org/wiki/Carl_Snyder"
"Sokal, Robert R.","https://en.wikipedia.org/wiki/Robert_R._Sokal"
"Spearman, Charles","https://en.wikipedia.org/wiki/Charles_Spearman"
"Speed, Terry","https://en.wikipedia.org/wiki/Terry_Speed"
"Spengler, Joseph J.","https://en.wikipedia.org/wiki/Joseph_J._Spengler"
"Spiegelhalter, David","https://en.wikipedia.org/wiki/David_Spiegelhalter"
"Srivastava, J. N.","https://en.wikipedia.org/wiki/J._N._Srivastava"
"Stamp, Josiah","https://en.wikipedia.org/wiki/Josiah_Stamp,_1st_Baron_Stamp"
"Stanley, Julian C. Jr.","https://en.wikipedia.org/wiki/Julian_C._Stanley_Jr."
"Stanley, Edward","https://en.wikipedia.org/wiki/Edward_Stanley,_15th_Earl_of_Derby"
"Steele, J. Michael","https://en.wikipedia.org/wiki/J._Michael_Steele"
"Steffensen, Johan Frederik","https://en.wikipedia.org/wiki/Johan_Frederik_Steffensen"
"Stein, Charles","https://en.wikipedia.org/wiki/Charles_Stein_(statistician)"
"Stephens, Matthew","https://en.wikipedia.org/wiki/Matthew_Stephens_(statistician)"
"Stigler, Stephen","https://en.wikipedia.org/wiki/Stephen_Stigler"
"Stone, Richard","https://en.wikipedia.org/wiki/Richard_Stone"
"Stouffer, Samuel A.","https://en.wikipedia.org/wiki/Samuel_A._Stouffer"
"Stoyan, Dietrich","https://en.wikipedia.org/wiki/Dietrich_Stoyan"
"Süssmilch, Johann Peter","https://en.wikipedia.org/wiki/Johann_Peter_S%C3%BCssmilch"
"Sykes, William Henry","https://en.wikipedia.org/wiki/William_Henry_Sykes"
"Sylvester, James Joseph","https://en.wikipedia.org/wiki/James_Joseph_Sylvester"
"Sztrem, Edward Szturm de","https://en.wikipedia.org/wiki/Edward_Szturm_de_Sztrem"
"Shyamaprasad Mukherjee","https://en.wikipedia.org/wiki/Shyamaprasad_Mukherjee"
"Taguchi, Genichi","https://en.wikipedia.org/wiki/Genichi_Taguchi"
"Teitelbaum, Michael","https://en.wikipedia.org/wiki/Michael_Teitelbaum"
"Telser, Lester G.","https://en.wikipedia.org/wiki/Lester_G._Telser"
"Thiele, Thorvald N.","https://en.wikipedia.org/wiki/Thorvald_N._Thiele"
"Thorndike, Robert L.","https://en.wikipedia.org/wiki/Robert_L._Thorndike"
"Thornton, John Wingate","https://en.wikipedia.org/wiki/John_Wingate_Thornton"
"Thorp, Willard","https://en.wikipedia.org/wiki/Willard_Thorp"
"Thurstone, Louis Leon","https://en.wikipedia.org/wiki/Louis_Leon_Thurstone"
"Tibshirani, Robert","https://en.wikipedia.org/wiki/Robert_Tibshirani"
"Tippett, Leonard Henry Caleb","https://en.wikipedia.org/wiki/Leonard_Henry_Caleb_Tippett"
"Tobin, James","https://en.wikipedia.org/wiki/James_Tobin"
"Todd, Emmanuel","https://en.wikipedia.org/wiki/Emmanuel_Todd"
"Tong, Howell","https://en.wikipedia.org/wiki/Howell_Tong"
"Trewin, Dennis","https://en.wikipedia.org/wiki/Dennis_Trewin"
"Trybuła, Stanisław","https://en.wikipedia.org/wiki/Stanis%C5%82aw_Trybu%C5%82a"
"Tufte, Edward","https://en.wikipedia.org/wiki/Edward_Tufte"
"Tukey, John","https://en.wikipedia.org/wiki/John_Tukey"
"Utts, Jessica","https://en.wikipedia.org/wiki/Jessica_Utts"
"Uyanto, Stanislaus S.","https://en.wikipedia.org/wiki/Stanislaus_S._Uyanto"
"Vapnik, Vladimir","https://en.wikipedia.org/wiki/Vladimir_Vapnik"
"Vaupel, James","https://en.wikipedia.org/wiki/James_Vaupel"
"Villani, Giovanni","https://en.wikipedia.org/wiki/Giovanni_Villani"
"Visman, Jan","https://en.wikipedia.org/wiki/Jan_Visman"
"Wahba, Grace","https://en.wikipedia.org/wiki/Grace_Wahba"
"Wald, Abraham","https://en.wikipedia.org/wiki/Abraham_Wald"
"Walker, Francis Amasa","https://en.wikipedia.org/wiki/Francis_Amasa_Walker"
"Walker, Gilbert","https://en.wikipedia.org/wiki/Gilbert_Walker"
"Wallace, Chris","https://en.wikipedia.org/wiki/Chris_Wallace_(computer_scientist)"
"Wallis, W. Allen","https://en.wikipedia.org/wiki/W._Allen_Wallis"
"Wanless, Derek","https://en.wikipedia.org/wiki/Derek_Wanless"
"Watson, Geoffrey","https://en.wikipedia.org/wiki/Geoffrey_Watson"
"Wedderburn, Robert","https://en.wikipedia.org/wiki/Robert_Wedderburn_(statistician)"
"Wegman, Edward","https://en.wikipedia.org/wiki/Edward_Wegman"
"Weibull, Waloddi","https://en.wikipedia.org/wiki/Waloddi_Weibull"
"Weinstock, Arnold","https://en.wikipedia.org/wiki/Arnold_Weinstock"
"Weldon, Walter Frank Raphael","https://en.wikipedia.org/wiki/Walter_Frank_Raphael_Weldon"
"Welton, Thomas A.","https://en.wikipedia.org/wiki/Thomas_A._Welton"
"Wentworth-Fitzwilliam, Charles","https://en.wikipedia.org/wiki/Charles_Wentworth-Fitzwilliam,_5th_Earl_Fitzwilliam"
"Westergaard, Harald Ludvig","https://en.wikipedia.org/wiki/Harald_Ludvig_Westergaard"
"Wheeler, Donald J.","https://en.wikipedia.org/wiki/Donald_J._Wheeler"
"Hadley Wickham","https://en.wikipedia.org/wiki/Hadley_Wickham"
"Whittle, Peter","https://en.wikipedia.org/wiki/Peter_Whittle_(mathematician)"
"Wilcoxon, Frank","https://en.wikipedia.org/wiki/Frank_Wilcoxon"
"Wilk, Martin","https://en.wikipedia.org/wiki/Martin_Wilk"
"Wilkinson, Leland","https://en.wikipedia.org/wiki/Leland_Wilkinson"
"Wilks, Samuel S.","https://en.wikipedia.org/wiki/Samuel_S._Wilks"
"Willcox, Walter Francis","https://en.wikipedia.org/wiki/Walter_Francis_Willcox"
"Wilson, Edwin Bidwell","https://en.wikipedia.org/wiki/Edwin_Bidwell_Wilson"
"Wilson, Harold","https://en.wikipedia.org/wiki/Harold_Wilson"
"Wishart, John","https://en.wikipedia.org/wiki/John_Wishart_(statistician)"
"Wold, Herman","https://en.wikipedia.org/wiki/Herman_Wold"
"Wolfowitz, Jacob","https://en.wikipedia.org/wiki/Jacob_Wolfowitz"
"Wood, George Henry","https://en.wikipedia.org/wiki/George_Henry_Wood_(statistician)"
"Woolhouse, Wesley S. B.","https://en.wikipedia.org/wiki/Wesley_S._B._Woolhouse"
"Working, Holbrook","https://en.wikipedia.org/wiki/Holbrook_Working"
"Wright, Carroll D.","https://en.wikipedia.org/wiki/Carroll_D._Wright"
"Wright, Elizur","https://en.wikipedia.org/wiki/Elizur_Wright"
"Wright, Sewall","https://en.wikipedia.org/wiki/Sewall_Wright"
"Wrigley, E. A.","https://en.wikipedia.org/wiki/E._A._Wrigley"
"Wu, Jeff C. F.","https://en.wikipedia.org/wiki/C.F._Jeff_Wu"
"Yates, Frank","https://en.wikipedia.org/wiki/Frank_Yates"
"Young, Allyn Abbott","https://en.wikipedia.org/wiki/Allyn_Abbott_Young"
"Young, Arthur","https://en.wikipedia.org/wiki/Arthur_Young_(writer)"
"Young, Hilton","https://en.wikipedia.org/wiki/Hilton_Young,_1st_Baron_Kennet"
"Yule, G. Udny","https://en.wikipedia.org/wiki/Udny_Yule"
"Zaman, Arif","https://en.wikipedia.org/wiki/Arif_Zaman"
"Zarnowitz, Victor","https://en.wikipedia.org/wiki/Victor_Zarnowitz"
"Elena Zarova","https://en.wikipedia.org/wiki/Elena_Zarova"
"Zellner, Arnold","https://en.wikipedia.org/wiki/Arnold_Zellner"
"Zhaohuan, Zhang","https://en.wikipedia.org/wiki/Zhang_Zhaohuan"
"Zipf, George Kingsley","https://en.wikipedia.org/wiki/George_Kingsley_Zipf"
